{"size": 1000, "bnb": {"memory": 7292, "time": 0.03999471664428711}, "dp": {"memory": 560, "time": 0.16199445724487305}}