{"size": 10000, "bnb": {"memory": 8977, "time": 3.7560009956359863}, "dp": {"memory": 560, "time": 21.54151701927185}}